"","prob.NCLN","prob.OST","prob.Sol","prob.TRAP","prob.Unk","L.prob.NCLN","L.prob.OST","L.prob.Sol","L.prob.TRAP","L.prob.Unk","U.prob.NCLN","U.prob.OST","U.prob.Sol","U.prob.TRAP","U.prob.Unk"
"NCLN",0.531226012478696,0.164161857692118,0.0245392706431827,0.0773546304075493,0.202718228778454,0.517625635946268,0.153778314236629,0.0207290893473957,0.0699332109380406,0.191562532719198,0.544780158703221,0.17510144911525,0.0290290347247074,0.0854912290562105,0.214351328518206
"OST",0.0382606366910978,0.74007620978691,0.0224771366730684,0.0727181838108754,0.126467833038049,0.0354984676726802,0.729922814528429,0.0200838915169365,0.0673885921289201,0.119912451769224,0.0412285454084592,0.749978641976322,0.0251482478263141,0.0784338302737738,0.13332729367034
"Sol",0.0205318279344306,0.0386399861427094,0.516810552126819,0.0192690959588153,0.404748537837226,0.0167613143698224,0.0331982777768978,0.494486516271082,0.0155761729691872,0.384241730830118,0.02512885372596,0.0449322193535972,0.539067691203098,0.0238163841900735,0.425593340975718
"TRAP",0.116761469345727,0.460862670642296,0.0804735949580195,0.111442876879278,0.23045938817468,0.104228705339809,0.438359986709148,0.069181324392745,0.0986601290474996,0.212497077502486,0.130581529269111,0.483526014871538,0.0934240725392249,0.125650923069591,0.249459076622925
"Unk",0.0987098829021614,0.196663528076774,0.206695581752434,0.0563068439838918,0.441624163284738,0.0927339202714184,0.186594391538401,0.193714229164873,0.0510711973830934,0.427828348180407,0.105026368656278,0.207137653706042,0.220309156418062,0.0620441374765914,0.455510681966886
